Equipo,Puesto,Jugador,Edad,Nacimiento,dia_mes,nro_mes,año,Altura_cm,Ciudad_nac,Pais_nac
Tigre,MED,Aaron Molinas,22,8/2/2000,02-ago,8,2000,175,,Argentina
Banfield,DEF,Aarón Quirós,21,10/31/2001,31-oct,10,2001,,,Argentina
Tigre,DEF,Abel Luciatti,30,2/18/1993,18-feb,2,1993,178,Morón,Argentina
Velez,DEL,Abiel Osorio,20,6/13/2002,13-jun,6,2002,182,,Argentina
San Lorenzo,DEL,Adam Bareiro,26,7/26/1996,26-jul,7,1996,184,Asuncion,Paraguay
Instituto,DEL,Adrián Martínez,30,7/7/1992,07-jul,7,1992,181,,Argentina
Atl Tucuman,MED,Adrián Sánchez,23,5/14/1999,14-may,5,1999,177,,Argentina
Arsenal,DEF,Adrián Sporle,27,7/13/1995,13-jul,7,1995,178,Centenario,Argentina
Platense,DEL,Agustín Alonso,22,1/23/2001,23-ene,1,2001,,,Argentina
Gimnasia (LP),MED,Agustín Bolivar,27,1/9/1996,09-ene,1,1996,173,Ensenada,Argentina
Tigre,MED,Agustín Cardozo,25,5/30/1997,30-may,5,1997,181,,Argentina
Barracas Central,DEF,Agustín Dattola,24,4/20/1999,20-abr,4,1999,,,Argentina
San Lorenzo,MED,Agustín Giay,19,1/16/2004,16-ene,1,2004,180,San Carlos Centro,Argentina
San Lorenzo,DEF,Agustín Martegani,22,5/20/2000,20-may,5,2000,182,,Argentina
Independiente,MED,Agustín Mulet,23,2/22/2000,22-feb,2,2000,179,,Argentina
Tigre,DEL,Agustín Obando,23,3/11/2000,11-mar,3,2000,172,Monte Caseros,Argentina
River Plate,MED,Agustín Palavecino,26,11/9/1996,09-nov,11,1996,178,Florida,Argentina
Gimnasia (LP),MED,Agustín Sanchez,18,7/20/2004,20-jul,7,2004,,,Argentina
Boca Juniors,DEF,Agustín Sandez,22,1/16/2001,16-ene,1,2001,182,Buenos Aires,Argentina
Def y Justicia,DEF,Agustín SantAnna,25,9/27/1997,27-sep,9,1997,175,,Uruguay
Rosario Central,MED,Agustín Toledo,23,3/1/2000,01-mar,3,2000,,,Argentina
Barracas Central,DEL,Alan Cantero,24,6/28/1998,28-jun,6,1998,,,Argentina
Banfield,DEF,Alan Di Pippa,22,6/16/2000,16-jun,6,2000,179,,Argentina
Talleres (C),MED,Alan Franco,24,8/21/1998,21-ago,8,1998,176,Alfredo Baquerizo Moreno,Ecuador
Gimnasia (LP),MED,Alan Lescano,21,11/11/2001,11-nov,11,2001,182,,Argentina
Argentinos,MED,Alan Rodríguez,23,1/25/2000,25-ene,1,2000,,,Uruguay
Rosario Central,MED,Alan Rodríguez,22,8/15/2000,15-ago,8,2000,173,,Paraguay
Gimnasia (LP),MED,Alan Sosa,19,5/5/2003,05-may,5,2003,,,Argentina
Boca Juniors,MED,Alan Varela,21,7/4/2001,04-jul,7,2001,177,,Argentina
Banfield,MED,Alejandro Cabrera,30,9/30/1992,30-sep,9,1992,185,,Argentina
Sarmiento (J),DEF,Alejandro Donatti,36,10/24/1986,24-oct,10,1986,191,,Argentina
Banfield,DEF,Alejandro Maciel,26,4/22/1997,22-abr,4,1997,183,El Dorado,Argentina
Arsenal,ARQ,Alejandro Medina,36,2/14/1987,14-feb,2,1987,183,Buenos Aires,Argentina
Banfield,DEL,Alejandro Piedrahita,20,9/3/2002,03-sep,9,2002,182,,Colombia
Belgrano,DEF,Alejandro Rébola,34,7/24/1988,24-jul,7,1988,182,,Argentina
Rosario Central,DEL,Alejo Veliz,19,9/19/2003,19-sep,9,2003,186,,Argentina
Tigre,MED,Alexis Castro,28,10/18/1994,18-oct,10,1994,180,CABA,Argentina
Barracas Central,DEL,Alexis Dominguez,26,10/30/1996,30-oct,10,1996,185,Villa de Mayo,Argentina
Atl Tucuman,DEF,Alexis Flores,21,1/11/2002,11-ene,1,2002,181,,Argentina
Argentinos,ARQ,Alexis Martín Arias,30,7/4/1992,04-jul,7,1992,185,Pellegrini,Argentina
Def y Justicia,DEF,Alexis Soto,29,10/20/1993,20-oct,10,1993,172,Avellaneda,Argentina
Gimnasia (LP),MED,Alexis Steimbach,20,7/25/2002,25-jul,7,2002,184,,Argentina
Belgrano,MED,Andrés Amaya,22,4/25/2001,25-abr,4,2001,168,Barrancabermeja,Colombia
Banfield,DEL,Andrés Chávez,32,3/21/1991,21-mar,3,1991,185,Salto,Argentina
Barracas Central,ARQ,Andrés Desabato,33,3/30/1990,30-mar,3,1990,184,Santa Fe,Argentina
San Lorenzo,DEL,Andrés Vombergar,28,11/20/1994,20-nov,11,1994,187,Villa Luzuriaga,Argentina
Colon,DEF,Andrew Teuten,24,7/20/1998,20-jul,7,1998,173,,Uruguay
Def y Justicia,MED,Ángel Benítez,27,1/27/1996,27-ene,1,1996,182,,Paraguay
Newells,MED,Ángelo Martino,24,6/5/1998,05-jun,6,1998,178,Rafaela,Argentina
Racing Club,MED,Aníbal Moreno,23,5/13/1999,13-may,5,1999,178,Catamarca,Argentina
Gimnasia (LP),MED,Antonio Napolitano,24,2/16/1999,16-feb,2,1999,178,,Argentina
Belgrano,MED,Ariel Rojas,37,1/16/1986,16-ene,1,1986,176,Garín,Argentina
Newells,DEF,Armando Méndez,27,3/31/1996,31-mar,3,1996,175,,Uruguay
San Lorenzo,ARQ,Augusto Batalla,27,4/30/1996,30-abr,4,1996,186,,Argentina
Colon,DEF,Augusto Schott,23,1/17/2000,17-ene,1,2000,175,,Argentina
Instituto,DEL,Axel Rodríguez,26,3/25/1997,25-mar,3,1997,180,,Argentina
Independiente,DEF,Ayrton Costa,23,7/12/1999,12-jul,7,1999,179,Quilmes,Argentina
Colon,MED,Baldomero Perlaza,30,6/2/1992,02-jun,6,1992,187,Tulúa,Colombia
Independiente,MED,Baltasar Barcia,22,2/19/2001,19-feb,2,2001,177,Pando,Uruguay
Gimnasia (LP),DEF,Bautista Barros Schelotto,23,1/13/2000,13-ene,1,2000,,,Argentina
Atl Tucuman,MED,Bautista Kociubinski,22,4/26/2001,26-abr,4,2001,180,,Argentina
Gimnasia (LP),DEL,Benjamín Domínguez,19,9/19/2003,19-sep,9,2003,172,,Argentina
Estudiantes (LP),DEL,Benjamín Rollheiser,23,3/24/2000,24-mar,3,2000,173,Coronel Suárez,Argentina
Tigre,MED,Blas Armoa,23,2/3/2000,03-feb,2,2000,175,Luque,Paraguay
Banfield,MED,Brahian Alemán,33,12/23/1989,23-dic,12,1989,176,Montevideo,Uruguay
Instituto,DEL,Braian Cuello,25,9/30/1997,30-sep,9,1997,172,Merlo,Argentina
Atl Tucuman,DEL,Braian Guille,25,7/31/1997,31-jul,7,1997,170,Olavarría,Argentina
Independiente,DEL,Braian Martínez,23,8/18/1999,18-ago,8,1999,170,,Argentina
Arsenal,MED,Braian Rivero,27,2/22/1996,22-feb,2,1996,178,,Argentina
Union,DEL,Brayan Castrillón,24,3/30/1999,30-mar,3,1999,169,Medellín,Colombia
Lanus,DEF,Brian Aguirre,22,7/28/2000,28-jul,7,2000,174,,Argentina
Newells,DEL,Brian Aguirre,20,1/6/2003,06-ene,1,2003,175,,Argentina
Lanus,DEL,Brian Blando,28,4/1/1995,01-abr,4,1995,184,Rosario,Argentina
Central Cba (SdE),DEF,Brian Blasi,27,2/8/1996,08-feb,2,1996,180,Monte Vera,Argentina
Barracas Central,DEF,Brian Calderara,25,1/10/1998,10-ene,1,1998,170,,Argentina
Lanus,DEF,Brian Caraballo,20,4/13/2003,13-abr,4,2003,180,,Argentina
Central Cba (SdE),MED,Brian Farioli,25,2/19/1998,19-feb,2,1998,180,,Argentina
Tigre,DEF,Brian Leizza,23,4/28/2000,28-abr,4,2000,186,,Argentina
Godoy Cruz,DEF,Brian Salvareschi,24,4/13/1999,13-abr,4,1999,,Olavarría,Argentina
Atl Tucuman,DEF,Bruno Bianchi,34,2/17/1989,17-feb,2,1989,183,San Nicolás,Argentina
Godoy Cruz,MED,Bruno Leyes,21,10/30/2001,30-oct,10,2001,,,Argentina
Newells,DEF,Bruno Pittón,30,2/1/1993,01-feb,2,1993,174,Santa Fe,Argentina
Barracas Central,DEL,Bruno Sepúlveda,30,9/17/1992,17-sep,9,1992,188,,Argentina
Boca Juniors,DEF,Bruno Valdez,30,10/6/1992,06-oct,10,1992,183,Nueva Asunción,Paraguay
Belgrano,MED,Bruno Zapelli,20,5/17/2002,17-may,5,2002,181,Villa Carlos Paz,Argentina
Barracas Central,MED,Carlos Arce,32,9/16/1990,16-sep,9,1990,,,Argentina
Colon,MED,Carlos Arrua,25,7/30/1997,30-jul,7,1997,173,,Paraguay
San Lorenzo,MED,Carlos Insaurralde,24,1/31/1999,31-ene,1,1999,176,,Argentina
Rosario Central,DEF,Carlos Quintana,35,2/11/1988,11-feb,2,1988,191,Glew,Argentina
San Lorenzo,MED,Carlos Sánchez,37,2/6/1986,06-feb,2,1986,182,Quibdó,Colombia
Huracan,DEF,Cesar Ibañez,23,6/17/1999,17-jun,6,1999,179,Villa Fiorito,Argentina
Talleres (C),MED,Christian Oliva,26,6/1/1996,01-jun,6,1996,178,Ciudad del Plata,Uruguay
Velez,MED,Christian Ordoñez,18,7/24/2004,24-jul,7,2004,177,Moreno,Argentina
Central Cba (SdE),MED,Ciro Rius,34,10/27/1988,27-oct,10,1988,174,Ramallo,Argentina
Union,DEF,Claudio Corvalán,34,3/23/1989,23-mar,3,1989,179,Santa Isabel,Argentina
Independiente,DEF,Cristian Báez,33,4/9/1990,09-abr,4,1990,180,San Lorenzo,Paraguay
Newells,MED,Cristian Ferreira,23,9/12/1999,12-sep,9,1999,174,Córdoba,Argentina
Lanus,DEF,Cristian Lema,33,3/24/1990,24-mar,3,1990,190,Puerto Madryn,Argentina
Boca Juniors,MED,Cristian Medina,20,6/1/2002,01-jun,6,2002,178,Moreno,Argentina
Atl Tucuman,DEL,Cristian Menéndez,35,4/2/1988,02-abr,4,1988,185,Mar del Plata,Argentina
Godoy Cruz,MED,Cristian Núñez,25,9/20/1997,20-sep,9,1997,166,Asunción,Paraguay
Gimnasia (LP),DEL,Cristian Tarragona,32,4/9/1991,09-abr,4,1991,180,,Argentina
Colon,MED,Cristian Vega,29,9/17/1993,17-sep,9,1993,178,Santiago del Estero,Argentina
Tigre,MED,Cristian Zabala,25,3/4/1998,04-mar,3,1998,187,Buenos Aires,Argentina
Velez,DEF,Damián Fernández,22,1/2/2001,02-ene,1,2001,178,Chubut,Argentina
Rosario Central,DEF,Damián Martínez,33,1/31/1990,31-ene,1,1990,180,Buenos Aires,Argentina
Independiente,DEF,Damián Pérez,34,12/22/1988,22-dic,12,1988,170,Lanús,Argentina
Belgrano,DEL,Daniel Barrea,21,7/22/2001,22-jul,7,2001,,,Argentina
Union,DEL,Daniel Juárez,21,7/30/2001,30-jul,7,2001,173,,Argentina
Arsenal,DEL,Daniel Lucero,21,4/17/2002,17-abr,4,2002,,,Argentina
Estudiantes (LP),ARQ,Daniel Sappa,28,2/9/1995,09-feb,2,1995,193,Villa Elisa,Argentina
Boca Juniors,DEL,Darío Benedetto,32,5/17/1990,17-may,5,1990,175,Berazategui,Argentina
Def y Justicia,DEF,Dario Cáceres,25,1/26/1998,26-ene,1,1998,176,Asunción,Paraguay
Def y Justicia,DEL,David Barbona,28,2/22/1995,22-feb,2,1995,174,,Argentina
Sarmiento (J),MED,David Gallardo,26,2/28/1997,28-feb,2,1997,180,,Argentina
Newells,MED,David Sotelo,19,7/30/2003,30-jul,7,2003,,,Argentina
Talleres (C),DEL,Diego Barrera,18,6/22/2004,22-jun,6,2004,,,Argentina
Lanus,DEF,Diego Braghieri,36,2/23/1987,23-feb,2,1987,184,Las Parejas,Argentina
Velez,DEF,Diego Godín,37,2/16/1986,16-feb,2,1986,187,Rosario,Uruguay
Belgrano,DEF,Diego Novaretti,37,5/9/1985,09-may,5,1985,193,Córdoba,Argentina
Talleres (C),MED,Diego Ortegoza,26,4/19/1997,19-abr,4,1997,,,Argentina
Godoy Cruz,ARQ,Diego Rodríguez,33,6/25/1989,25-jun,6,1989,183,Buenos Aires,Argentina
Talleres (C),DEL,Diego Valoyes,26,9/22/1996,22-sep,9,1996,182,,Colombia
Central Cba (SdE),DEL,Diego Vasquez,22,9/11/2000,11-sep,9,2000,,,Argentina
Newells,DEL,Djorkaeff Reasco,24,1/18/1999,18-ene,1,1999,172,Quito,Ecuador
Independiente,DEF,Edgar Elizalde,23,2/27/2000,27-feb,2,2000,187,,Uruguay
Racing Club,MED,Edwin Cardona,30,12/8/1992,08-dic,12,1992,183,Medellin,Colombia
Def y Justicia,DEL,Edwin Mosquera,21,6/27/2001,27-jun,6,2001,169,Chocó,Colombia
San Lorenzo,MED,Elián Mateo Irala,18,7/6/2004,06-jul,7,2004,,,Argentina
Velez,MED,Elías Cabrera,20,2/25/2003,25-feb,2,2003,172,Buenos Aires,Argentina
River Plate,DEF,Elías Gómez,28,6/9/1994,09-jun,6,1994,180,,Argentina
Banfield,DEF,Emanuel Coronel,26,2/1/1997,01-feb,2,1997,174,Concepción,Argentina
Banfield,DEF,Emanuel Insúa,32,4/10/1991,10-abr,4,1991,182,Buenos Aires,Argentina
River Plate,DEF,Emanuel Mammana,27,2/10/1996,10-feb,2,1996,183,Merlo,Argentina
Banfield,DEF,Emanuel Olivera,33,4/2/1990,02-abr,4,1990,177,Morón,Argentina
Racing Club,DEF,Emiliano Insúa,34,1/7/1989,07-ene,1,1989,180,Buenos Aires,Argentina
Sarmiento (J),MED,Emiliano Méndez,34,2/15/1989,15-feb,2,1989,186,La Plata,Argentina
Estudiantes (LP),DEF,Emmanuel Más,34,1/15/1989,15-ene,1,1989,180,San Juan,Argentina
River Plate,MED,Enzo Díaz,27,12/7/1995,07-dic,12,1995,175,Las Toscas,Argentina
Central Cba (SdE),MED,Enzo Kalinski,36,3/10/1987,10-mar,3,1987,182,Santiago del Estero,Argentina
Godoy Cruz,DEL,Enzo Larrosa,22,4/21/2001,21-abr,4,2001,185,Progreso,Uruguay
River Plate,MED,Enzo Pérez,37,2/22/1986,22-feb,2,1986,177,Mendoza,Argentina
Union,MED,Enzo Roldán,22,12/8/2000,08-dic,12,2000,178,Villa Mercedes,Argentina
Colon,DEF,Eric Meza,24,4/8/1999,08-abr,4,1999,176,,Argentina
Gimnasia (LP),DEL,Eric Ramírez,26,9/21/1996,21-sep,9,1996,170,Concordia,Argentina
Banfield,MED,Eric Remedi,27,6/4/1995,04-jun,6,1995,181,Paraná,Argentina
Belgrano,DEF,Erik Godoy,29,8/16/1993,16-ago,8,1993,185,Buenos Aires,Argentina
Estudiantes (LP),DEF,Eros Mancuso,24,4/17/1999,17-abr,4,1999,171,,Argentina
Boca Juniors,DEL,Exequiel Zeballos,21,4/24/2002,24-abr,4,2002,170,,Argentina
River Plate,MED,Ezequiel Barco,24,3/29/1999,29-mar,3,1999,167,Villa Gobernador Gálvez,Argentina
San Lorenzo,DEL,Ezequiel Cerutti,31,1/17/1992,17-ene,1,1992,179,Junín,Argentina
Boca Juniors,MED,Ezequiel Fernández,20,7/25/2002,25-jul,7,2002,178,Buenos Aires,Argentina
San Lorenzo,DEF,Ezequiel Herrera,20,1/22/2003,22-ene,1,2003,,,Argentina
Estudiantes (LP),DEF,Ezequiel Muñoz,32,10/8/1990,08-oct,10,1990,185,Pergamino,Argentina
Instituto,DEF,Ezequiel Parnisari,32,6/1/1990,01-jun,6,1990,180,San Luis,Argentina
Belgrano,DEL,Fabián Bordagaray,36,2/15/1987,15-feb,2,1987,173,Avellaneda,Argentina
Central Cba (SdE),DEF,Fabio Pereyra,33,1/31/1990,31-ene,1,1990,187,Federal,Argentina
Argentinos,MED,Fabricio Domínguez,24,6/24/1998,24-jun,6,1998,177,,Uruguay
Rosario Central,MED,Fabricio Oviedo,19,2/12/2004,12-feb,2,2004,181,Rosario,Argentina
San Lorenzo,ARQ,Facundo Altamirano,27,3/21/1996,21-mar,3,1996,186,,Argentina
Banfield,ARQ,Facundo Cambeses,26,4/9/1997,09-abr,4,1997,185,,Argentina
Arsenal,DEF,Facundo Cardozo,28,4/6/1995,06-abr,4,1995,181,San Miguel de Tucumán,Argentina
Central Cba (SdE),DEL,Facundo Castelli,28,2/18/1995,18-feb,2,1995,183,Córdoba,Argentina
Tigre,DEL,Facundo Colidio,23,1/4/2000,04-ene,1,2000,179,Rafaela,Argentina
Argentinos,DEL,Facundo Ferreyra,32,3/14/1991,14-mar,3,1991,186,Lomas de Zamora,Argentina
Colon,DEF,Facundo Garcés,23,9/5/1999,05-sep,9,1999,188,Santa Fé,Argentina
Rosario Central,DEF,Facundo Mallo,28,1/16/1995,16-ene,1,1995,186,,Uruguay
Newells,DEF,Facundo Mansilla,24,2/27/1999,27-feb,2,1999,190,Rosario,Argentina
Barracas Central,MED,Facundo Mater,24,7/23/1998,23-jul,7,1998,164,,Argentina
Racing Club,DEF,Facundo Mura,24,3/24/1999,24-mar,3,1999,172,,Argentina
Arsenal,DEL,Facundo Pons,27,11/22/1995,22-nov,11,1995,,,Argentina
Boca Juniors,DEF,Facundo Roncaglia,36,2/10/1987,10-feb,2,1987,179,Chajar,Argentina
Talleres (C),MED,Favio Álvarez,30,1/23/1993,23-ene,1,1993,184,Córdoba,Argentina
Huracan,MED,Federico Fattori,30,7/22/1992,22-jul,7,1992,178,Buenos Aires,Argentina
San Lorenzo,DEF,Federico Gattoni,24,2/16/1999,16-feb,2,1999,183,,Argentina
Central Cba (SdE),MED,Federico Jourdan,32,1/13/1991,13-ene,1,1991,178,Santa Fe,Argentina
Argentinos,ARQ,Federico Lanzillota,30,12/1/1992,01-dic,12,1992,188,Villa Luzuriaga,Argentina
Godoy Cruz,DEF,Federico Rasmussen,31,3/4/1992,04-mar,3,1992,191,Coronel Dorrego,Argentina
Argentinos,MED,Federico Redondo,20,1/18/2003,18-ene,1,2003,188,Madrid,Espana
Union,MED,Federico Vera,25,3/24/1998,24-mar,3,1998,178,Santa Fe,Argentina
Def y Justicia,DEL,Federico Versaci,21,2/16/2002,16-feb,2,2002,170,,Argentina
Lanus,DEF,Felipe Aguilar,30,1/20/1993,20-ene,1,1993,190,Medellín,Colombia
Arsenal,DEF,Felipe Peña,22,4/5/2001,05-abr,4,2001,180,Pehuajó,Argentina
Instituto,DEF,Fernando Alarcón,28,6/16/1994,16-jun,6,1994,185,,Argentina
Sarmiento (J),MED,Fernando Martínez,28,5/13/1994,13-may,5,1994,176,,Paraguay
Huracan,DEF,Fernando Tobio,33,10/18/1989,18-oct,10,1989,190,Ramos Mejia,Argentina
Huracan,DEF,Fernando Torrent,31,10/2/1991,02-oct,10,1991,173,Arrecifes,Argentina
Estudiantes (LP),MED,Fernando Zuqui,31,11/27/1991,27-nov,11,1991,170,Luján de Cuyo,Argentina
Arsenal,DEL,Flabian Londoño,22,7/9/2000,09-jul,7,2000,180,Ebéjico,Colombia
Rosario Central,MED,Francesco Lo Celso,23,3/5/2000,05-mar,3,2000,182,,Argentina
Rosario Central,MED,Francis MacAllister,27,10/30/1995,30-oct,10,1995,176,Buenos Aires,Argentina
Barracas Central,DEF,Francisco Álvarez,23,2/26/2000,26-feb,2,2000,180,,Argentina
Atl Tucuman,MED,Francisco Di Franco,28,1/28/1995,28-ene,1,1995,175,San Miguel,Argentina
Union,DEF,Francisco Gerometta,23,9/1/1999,01-sep,9,1999,175,,Argentina
Newells,DEL,Francisco González,22,4/6/2001,06-abr,4,2001,170,Buenos Aires,Argentina
Argentinos,MED,Francisco González Metilli,26,3/29/1997,29-mar,3,1997,178,,Argentina
Velez,MED,Francisco Ortega,24,3/19/1999,19-mar,3,1999,177,Santa Fé,Argentina
San Lorenzo,MED,Francisco Perruzzi,22,2/9/2001,09-feb,2,2001,177,,Argentina
Talleres (C),DEL,Francisco Pizzini,29,9/19/1993,19-sep,9,1993,179,Bahía Blanca,Argentina
River Plate,ARQ,Franco Armani,36,10/16/1986,16-oct,10,1986,189,Casilda,Argentina
Platense,MED,Franco Baldassarra,24,9/29/1998,29-sep,9,1998,178,Buenos Aires,Argentina
Union,DEF,Franco Calderon,24,5/13/1998,13-may,5,1998,184,,Argentina
Platense,MED,Franco Diaz,22,8/28/2000,28-ago,8,2000,180,,Argentina
Barracas Central,MED,Franco Frías,21,3/17/2002,17-mar,3,2002,174,Rosario,Argentina
Barracas Central,ARQ,Franco Herrera,19,9/19/2003,19-sep,9,2003,189,,Argentina
Belgrano,DEL,Franco Jara,34,7/15/1988,15-jul,7,1988,179,Villa María,Argentina
Argentinos,MED,Franco Moyano,25,9/13/1997,13-sep,9,1997,171,Lobos,Argentina
Lanus,MED,Franco Orozco,21,1/9/2002,09-ene,1,2002,182,Ezeiza,Argentina
Sarmiento (J),MED,Franco Quinteros,24,10/13/1998,13-oct,10,1998,178,Rosario,Argentina
Sarmiento (J),DEF,Franco Sbuttoni,33,5/6/1989,06-may,5,1989,190,Villa Constitución,Argentina
Gimnasia (LP),DEL,Franco Soldano,28,9/14/1994,14-sep,9,1994,176,,Argentina
Lanus,DEL,Franco Troyansky,26,3/6/1997,06-mar,3,1997,180,,Argentina
Arsenal,MED,Franco Vega,21,9/9/2001,09-sep,9,2001,,Neuquén,Argentina
Instituto,MED,Franco Watson,20,7/25/2002,25-jul,7,2002,165,,Argentina
Estudiantes (LP),DEL,Franco Zapiola,22,2/19/2001,19-feb,2,2001,175,,Argentina
Boca Juniors,DEF,Frank Fabra,32,2/22/1991,22-feb,2,1991,172,Nechí,Colombia
Def y Justicia,MED,Gabriel Alanís,29,3/16/1994,16-mar,3,1994,186,Córdoba,Argentina
Racing Club,ARQ,Gabriel Arias,35,9/13/1987,13-sep,9,1987,188,Neuquén,Argentina
Argentinos,DEL,Gabriel Ávalos,32,7/9/1990,09-jul,7,1990,188,,Paraguay
Belgrano,MED,Gabriel Compagnucci,31,8/29/1991,29-ago,8,1991,178,Monte Buey,Argentina
Sarmiento (J),MED,Gabriel Díaz,23,4/19/2000,19-abr,4,2000,,,Argentina
Instituto,MED,Gabriel Graciani,29,11/28/1993,28-nov,11,1993,180,Bovril,Argentina
Huracan,MED,Gabriel Gudiño,31,3/16/1992,16-mar,3,1992,172,Córdoba,Argentina
Racing Club,DEL,Gabriel Hauche,36,11/27/1986,27-nov,11,1986,168,Buenos Aires,Argentina
Racing Club,DEF,Gabriel Rojas,25,6/22/1997,22-jun,6,1997,178,Almirante Brown,Argentina
Rosario Central,ARQ,Gaspar Servio,31,3/9/1992,09-mar,3,1992,182,Gral. Belgrano,Argentina
Talleres (C),DEF,Gastón Benavidez,27,10/23/1995,23-oct,10,1995,175,Morteros,Argentina
Estudiantes (LP),DEF,Gastón Benedetti,22,3/29/2001,29-mar,3,2001,,Entre Rios,Argentina
San Lorenzo,DEF,Gastón Campi,32,4/6/1991,06-abr,4,1991,192,Lanús,Argentina
Velez,ARQ,Gastón Gómez,27,3/4/1996,04-mar,3,1996,189,Mar del Plata,Argentina
San Lorenzo,DEF,Gastón Hernández,25,1/19/1998,19-ene,1,1998,185,San Rafael,Argentina
Instituto,MED,Gastón Lodico,24,5/28/1998,28-may,5,1998,168,Avellaneda,Argentina
Godoy Cruz,MED,Gastón Pedernera,22,10/9/2000,09-oct,10,2000,168,,Argentina
Huracan,DEF,Gastón Sauro,33,2/23/1990,23-feb,2,1990,190,Rosario,Argentina
Platense,DEF,Gastón Suso,32,3/12/1991,12-mar,3,1991,190,Arrufó,Argentina
Def y Justicia,DEL,Gastón Togni,25,9/20/1997,20-sep,9,1997,180,Coronel Granada,Argentina
Argentinos,DEL,Gastón Verón,22,4/23/2001,23-abr,4,2001,177,Buenos Aires,Argentina
Belgrano,MED,Gerónimo Tomasetti,22,5/12/2000,12-may,5,2000,180,,Argentina
Colon,DEF,Gian Nardelli,23,3/11/2000,11-mar,3,2000,172,,Argentina
Godoy Cruz,DEF,Gianluca Ferrari,25,6/30/1997,30-jun,6,1997,181,Rosario,Argentina
Velez,DEL,Gianluca Prestianni,17,1/31/2006,31-ene,1,2006,165,,Argentina
Rosario Central,MED,Gino Infantino,19,5/19/2003,19-may,5,2003,178,,Argentina
Instituto,DEF,Giuliano Cerato,24,6/10/1998,10-jun,6,1998,170,Rio Cuarto,Argentina
Godoy Cruz,MED,Gonzalo Abrego,23,1/7/2000,07-ene,1,2000,184,Maipu,Argentina
Platense,DEF,Gonzalo Asis,27,3/28/1996,28-mar,3,1996,174,Buenos Aires,Argentina
Sarmiento (J),DEF,Gonzalo Bettini,31,9/7/1991,07-sep,9,1991,171,,Argentina
Def y Justicia,MED,Gonzalo Castellani,35,8/10/1987,10-ago,8,1987,183,Buenos Aires,Argentina
Tigre,DEL,Gonzalo Flores,21,2/22/2002,22-feb,2,2002,178,,Argentina
Central Cba (SdE),DEF,Gonzalo Goñi,24,8/16/1998,16-ago,8,1998,187,Pedro Luro,Argentina
San Lorenzo,DEF,Gonzalo Lujan,22,4/27/2001,27-abr,4,2001,182,Buenos Aires,Argentina
Tigre,ARQ,Gonzalo Marinelli,34,2/7/1989,07-feb,2,1989,180,José Clemente Paz,Argentina
San Lorenzo,MED,Gonzalo Maroni,24,3/18/1999,18-mar,3,1999,170,Córdoba,Argentina
Arsenal,MED,Gonzalo Muscia,23,1/9/2000,09-ene,1,2000,181,,Argentina
Racing Club,DEF,Gonzalo Piovi,28,9/8/1994,08-sep,9,1994,180,,Argentina
Central Cba (SdE),MED,Gonzalo Torres,23,12/24/1999,24-dic,12,1999,176,,Argentina
Platense,DEF,Gonzalo Valdivia,22,4/5/2001,05-abr,4,2001,,,Argentina
Instituto,MED,Gregorio Rodríguez,23,1/17/2000,17-ene,1,2000,178,,Argentina
Estudiantes (LP),DEL,Guido Carrillo,31,5/25/1991,25-may,5,1991,191,Magdalena,Argentina
Talleres (C),ARQ,Guido Herrera,31,2/29/1992,29-feb,2,1992,187,,Argentina
Barracas Central,ARQ,Guido Villar,25,2/15/1998,15-feb,2,1998,192,,Argentina
Atl Tucuman,MED,Guillermo Acosta,34,10/31/1988,31-oct,10,1988,185,Alderetes,Argentina
Newells,MED,Guillermo Balzi,21,7/23/2001,23-jul,7,2001,175,,Argentina
Huracan,DEF,Guillermo Benítez,29,12/8/1993,08-dic,12,1993,170,Buenos Aires,Argentina
Gimnasia (LP),DEF,Guillermo Enrique,23,2/24/2000,24-feb,2,2000,174,Corrientes,Argentina
Boca Juniors,MED,Guillermo Fernández,31,10/11/1991,11-oct,10,1991,180,Granadero Baigorria,Argentina
Newells,DEF,Guillermo Ortíz,30,8/9/1992,09-ago,8,1992,183,Rosario,Argentina
Huracan,DEF,Guillermo Soto,29,1/19/1994,19-ene,1,1994,175,,Chile
Central Cba (SdE),DEF,Gustavo Canto,29,2/25/1994,25-feb,2,1994,180,Saldán,Argentina
Newells,DEF,Gustavo Velázquez,32,4/17/1991,17-abr,4,1991,179,Alto Paraguay,Paraguay
Sarmiento (J),MED,Harrinson Mancilla,31,12/22/1991,22-dic,12,1991,174,Puerto Tejada,Colombia
Racing Club,DEL,Héctor Fértoli,28,12/3/1994,03-dic,12,1994,174,El Trébol,Argentina
Atl Tucuman,DEF,Hernán De La Fuente,26,1/7/1997,07-ene,1,1997,178,Buenos Aires,Argentina
Godoy Cruz,DEL,Hernán López,22,9/7/2000,07-sep,9,2000,168,,Argentina
Banfield,DEL,Horacio Tijanovich,27,2/28/1996,28-feb,2,1996,173,,Argentina
Banfield,MED,Ignacio Agustin Rodríguez,21,2/22/2002,22-feb,2,2002,,,Argentina
Platense,ARQ,Ignacio Arce,31,4/8/1992,08-abr,4,1992,181,,Argentina
Colon,ARQ,Ignacio Chicco,26,6/30/1996,30-jun,6,1996,185,Brinkmann,Argentina
River Plate,MED,Ignacio Fernández,33,1/12/1990,12-ene,1,1990,182,Castelli,Argentina
Arsenal,DEF,Ignacio Gariglio,25,4/25/1998,25-abr,4,1998,185,Santa Rosa,Argentina
Atl Tucuman,MED,Ignacio Maestro Puch,19,8/13/2003,13-ago,8,2003,180,San Miguel de Tucuman,Argentina
Rosario Central,MED,Ignacio Malcorra,35,7/24/1987,24-jul,7,1987,170,Río Colorada,Argentina
Gimnasia (LP),MED,Ignacio Miramon,19,6/12/2003,12-jun,6,2003,179,,Argentina
Platense,MED,Ignacio Schor,22,8/4/2000,04-ago,8,2000,183,Buenos Aires,Argentina
Platense,DEF,Ignacio Vázquez,25,6/15/1997,15-jun,6,1997,,,Argentina
Union,MED,Imanol Machuca,23,1/15/2000,15-ene,1,2000,168,Roldán,Argentina
Rosario Central,DEF,Ismael Cortez,22,6/26/2000,26-jun,6,2000,,,Argentina
Newells,MED,Iván Gómez,26,2/28/1997,28-feb,2,1997,165,Villa Elisa,Argentina
San Lorenzo,DEL,Ivan Leguizamon,20,7/3/2002,03-jul,7,2002,175,Asunción,Paraguay
Independiente,MED,Iván Marcone,32,6/3/1990,03-jun,6,1990,184,Sarandi,Argentina
Belgrano,DEL,Ivan Ortigoza,28,3/1/1995,01-mar,3,1995,167,,Argentina
Racing Club,DEF,Iván Pillud,37,4/24/1986,24-abr,4,1986,178,Santa Fé,Argentina
Platense,MED,Iván Rossi,29,11/1/1993,01-nov,11,1993,183,Buenos Aires,Argentina
Barracas Central,MED,Iván Tapia,24,11/23/1998,23-nov,11,1998,,,Argentina
Gimnasia (LP),DEL,Ivo Mammini,20,4/15/2003,15-abr,4,2003,,,Argentina
San Lorenzo,MED,Jalil Elías,27,4/25/1996,25-abr,4,1996,180,Rosario,Argentina
Rosario Central,MED,Jaminton Campaz,22,5/24/2000,24-may,5,2000,165,Córdoba,Colombia
Argentinos,DEL,Javier Cabrera,31,3/18/1992,18-mar,3,1992,168,Florida,Uruguay
Boca Juniors,ARQ,Javier García,36,1/29/1987,29-ene,1,1987,180,Buenos Aires,Argentina
Sarmiento (J),DEL,Javier Toledo,37,4/20/1986,20-abr,4,1986,190,Marcos Juaréz,Argentina
Independiente,DEL,Javier Vallejo,19,1/3/2004,03-ene,1,2004,170,,Argentina
Sarmiento (J),DEF,Jean Pierre Rosso,26,4/7/1997,07-abr,4,1997,178,,Uruguay
Newells,DEL,Jeremías Pérez Tica,20,4/16/2003,16-abr,4,2003,,,Argentina
Platense,MED,Jerónimo Cacciabue,25,1/24/1998,24-ene,1,1998,173,Santa Fé,Argentina
Union,DEL,Jerónimo Domina,17,10/17/2005,17-oct,10,2005,171,,Argentina
Central Cba (SdE),DEF,Jesús Soraire,34,12/3/1988,03-dic,12,1988,176,Lules,Argentina
Newells,DEF,Jherson Mosquera,23,9/18/1999,18-sep,9,1999,173,Pereira,Colombia
Rosario Central,DEL,Jhonatan Candia,28,3/15/1995,15-mar,3,1995,171,,Uruguay
Colon,MED,Joaquín Ibañez,26,9/5/1996,05-sep,9,1996,182,,Argentina
Independiente,DEF,Joaquín Laso,32,7/4/1990,04-jul,7,1990,185,Balcarce,Argentina
Union,MED,Joaquín Mosqueira,19,1/11/2004,11-ene,1,2004,,,Argentina
Huracan,DEF,Joaquín Novillo,25,2/19/1998,19-feb,2,1998,190,Córdoba,Argentina
Atl Tucuman,MED,Joaquín Pereyra,24,12/1/1998,01-dic,12,1998,181,Paraná,Argentina
Arsenal,DEF,Joaquin Pombo,22,3/18/2001,18-mar,3,2001,191,,Argentina
Belgrano,DEL,Joaquín Susvielles,32,2/28/1991,28-feb,2,1991,188,,Argentina
Instituto,DEF,Joaquín Varela,24,6/27/1998,27-jun,6,1998,183,,Uruguay
Racing Club,DEL,Johan Carbonero,23,7/20/1999,20-jul,7,1999,168,Santander de Quilichao,Colombia
Huracan,MED,Jonás Acevedo,26,2/6/1997,06-feb,2,1997,172,Concarán,Argentina
Instituto,DEF,Jonathan Bay,30,2/1/1993,01-feb,2,1993,179,,Argentina
Racing Club,DEF,Jonathan Galván,30,6/25/1992,25-jun,6,1992,179,Mar del Plata,Argentina
Racing Club,MED,Jonathan Gómez,33,12/21/1989,21-dic,12,1989,173,Capitán Bermúdez,Argentina
River Plate,DEF,Jonathan Maidana,37,7/29/1985,29-jul,7,1985,188,Adrogué,Argentina
Newells,DEL,Jonathan Menéndez,29,3/5/1994,05-mar,3,1994,166,Buenos Aires,Argentina
Colon,DEL,Jorge Benítez,30,9/2/1992,02-sep,9,1992,182,,Paraguay
Rosario Central,ARQ,Jorge Broun,36,5/26/1986,26-may,5,1986,190,Rosario,Argentina
Instituto,ARQ,Jorge Carranza,41,5/7/1981,07-may,5,1981,185,Córdoba,Argentina
Boca Juniors,DEF,Jorge Figal,29,4/3/1994,03-abr,4,1994,180,Buenos Aires,Argentina
Newells,MED,Jorge Recalde,30,5/8/1992,08-may,5,1992,178,,Paraguay
Estudiantes (LP),DEF,Jorge Rodríguez,27,9/15/1995,15-sep,9,1995,179,,Argentina
Lanus,DEF,José Canale,26,7/20/1996,20-jul,7,1996,184,,Paraguay
Velez,MED,José Florentín,26,7/5/1996,05-jul,7,1996,181,,Paraguay
Sarmiento (J),MED,José Mauri,26,5/16/1996,16-may,5,1996,169,Realicó,Argentina
Colon,DEL,José Neris,23,3/13/2000,13-mar,3,2000,183,,Uruguay
River Plate,MED,José Paradela,24,12/15/1998,15-dic,12,1998,180,Quiroga,Argentina
Talleres (C),DEL,José Romero,20,3/25/2003,25-mar,3,2003,179,Corrientes,Argentina
Estudiantes (LP),MED,José Sosa,37,6/19/1985,19-jun,6,1985,179,Carcarañá,Argentina
Colon,DEL,Juan Álvarez,27,2/10/1996,10-feb,2,1996,175,Tandil,Argentina
Godoy Cruz,MED,Juan Andrada,28,1/4/1995,04-ene,1,1995,183,San Luis,Argentina
Belgrano,DEF,Juan Barinaga,22,10/10/2000,10-oct,10,2000,,,Argentina
Banfield,DEL,Juan Bisanz,21,8/28/2001,28-ago,8,2001,,,Argentina
Lanus,DEF,Juan Cáceres,22,6/1/2000,01-jun,6,2000,173,,Argentina
Independiente,MED,Juan Cazares,31,4/3/1992,03-abr,4,1992,171,Quinindé,Ecuador
Estudiantes (LP),DEF,Juan Cruz Guasone,22,3/27/2001,27-mar,3,2001,,,Argentina
Sarmiento (J),DEL,Juan Cruz Kaprof,28,3/12/1995,12-mar,3,1995,179,Buenos Aires,Argentina
Rosario Central,DEF,Juan Cruz Komar,26,8/13/1996,13-ago,8,1996,190,Rosario,Argentina
Arsenal,MED,Juan Cuesta,21,2/9/2002,09-feb,2,2002,172,Medellín,Colombia
Instituto,MED,Juan Franco,31,2/10/1992,10-feb,2,1992,175,Asuncion,Paraguay
Huracan,DEL,Juan Garro,30,11/24/1992,24-nov,11,1992,179,,Argentina
Huracan,DEL,Juan Gauto,18,6/2/2004,02-jun,6,2004,,,Argentina
Sarmiento (J),DEF,Juan Hernández,25,10/30/1997,30-oct,10,1997,190,Montevideo,Uruguay
Barracas Central,DEF,Juan Ignacio Díaz,24,5/26/1998,26-may,5,1998,182,Ensenada,Argentina
Platense,DEF,Juan Infante,27,1/7/1996,07-ene,1,1996,178,San Miguel,Argentina
Sarmiento (J),DEF,Juan Insaurralde,38,10/3/1984,03-oct,10,1984,187,Resistencia,Argentina
Huracan,DEL,Juan Manuel García,30,11/14/1992,14-nov,11,1992,180,Tandil,Argentina
Godoy Cruz,MED,Juan Meli,22,9/1/2000,01-sep,9,2000,,,Argentina
Velez,MED,Juan Méndez,26,4/28/1997,28-abr,4,1997,178,Luján de Cuyo,Argentina
Def y Justicia,DEL,Juan Miritello,24,2/8/1999,08-feb,2,1999,183,,Argentina
Racing Club,MED,Juan Nardoni,20,7/14/2002,14-jul,7,2002,179,,Argentina
Talleres (C),MED,Juan Portillo,22,5/18/2000,18-may,5,2000,180,,Argentina
Talleres (C),DEF,Juan Rodríguez,29,2/28/1994,28-feb,2,1994,180,,Argentina
Lanus,MED,Juan Sánchez Miño,33,1/1/1990,01-ene,1,1990,177,Buenos Aires,Argentina
Newells,MED,Juan Sforza,21,2/14/2002,14-feb,2,2002,176,,Argentina
Colon,MED,Julián Chicco,25,1/13/1998,13-ene,1,1998,184,Brinkmann,Argentina
Godoy Cruz,DEL,Julián Eseiza,21,2/16/2002,16-feb,2,2002,185,,Argentina
Lanus,MED,Julián Fernández,28,3/22/1995,22-mar,3,1995,180,Buenos Aires,Argentina
Velez,MED,Julián Fernández,19,1/30/2004,30-ene,1,2004,183,,Argentina
Def y Justicia,MED,Julián López,23,1/8/2000,08-ene,1,2000,182,Avellaneda,Argentina
Def y Justicia,DEF,Julian Malatini,21,5/31/2001,31-may,5,2001,190,,Argentina
Central Cba (SdE),DEF,Julián Navas,29,11/30/1993,30-nov,11,1993,180,,Argentina
Talleres (C),DEF,Julio Buffarini,34,8/18/1988,18-ago,8,1988,172,Gral. Cabrera,Argentina
Lanus,DEF,Julio Soler,18,2/16/2005,16-feb,2,2005,170,,Argentina
Union,DEL,Junior Marabel,25,3/26/1998,26-mar,3,1998,182,,Paraguay
Def y Justicia,MED,Kevin Gutiérrez,25,6/3/1997,03-jun,6,1997,168,Lanús,Argentina
Independiente,MED,Kevin López,21,12/28/2001,28-dic,12,2001,,,Argentina
Argentinos,DEF,Kevin MacAllister,25,11/7/1997,07-nov,11,1997,175,,Argentina
Rosario Central,MED,Kevin Ortíz,22,9/18/2000,18-sep,9,2000,,,Argentina
Union,DEL,Kevin Zenon,21,7/30/2001,30-jul,7,2001,181,Goya,Argentina
Lanus,DEL,Lautaro Acosta,35,3/14/1988,14-mar,3,1988,168,Buenos Aires,Argentina
Rosario Central,MED,Lautaro Giaccone,22,2/1/2001,01-feb,2,2001,173,,Argentina
Velez,DEF,Lautaro Gianetti,29,11/13/1993,13-nov,11,1993,184,San Nicolás,Argentina
Arsenal,MED,Lautaro Guzmán,23,1/18/2000,18-ene,1,2000,173,Córdoba,Argentina
Tigre,DEF,Lautaro Montoya,28,10/7/1994,07-oct,10,1994,171,Villa Ballester,Argentina
Lanus,ARQ,Lautaro Morales,23,12/16/1999,16-dic,12,1999,187,,Argentina
Central Cba (SdE),MED,Leandro Ciccoloni,28,4/22/1995,22-abr,4,1995,171,,Argentina
Lanus,DEL,Leandro Díaz,30,6/6/1992,06-jun,6,1992,182,San Miguel de Tucumán,Argentina
River Plate,DEF,Leandro González Pirez,31,2/26/1992,26-feb,2,1992,186,Buenos Aires,Argentina
Central Cba (SdE),MED,Leandro Maciel,27,12/29/1995,29-dic,12,1995,180,,Argentina
Velez,ARQ,Leonardo Burián,39,1/21/1984,21-ene,1,1984,188,Melo,Uruguay
Estudiantes (LP),DEF,Leonardo Godoy,28,4/28/1995,28-abr,4,1995,180,Concordia,Argentina
Argentinos,MED,Leonardo Heredia,27,1/11/1996,11-ene,1,1996,185,,Argentina
Velez,MED,Leonardo Jara,31,5/20/1991,20-may,5,1991,178,Corrientes,Argentina
Arsenal,DEF,Leonardo Marchi,26,9/17/1996,17-sep,9,1996,180,,Argentina
Gimnasia (LP),DEF,Leonardo Morales,32,4/11/1991,11-abr,4,1991,180,Villa Urquiza,Argentina
Racing Club,DEF,Leonardo Sigali,35,5/28/1987,28-may,5,1987,180,Campana,Argentina
Lanus,DEF,Leonel Di Plácido,29,1/28/1994,28-ene,1,1994,174,,Argentina
Argentinos,DEF,Leonel González,29,3/15/1994,15-mar,3,1994,177,Concordia,Argentina
Instituto,DEF,Leonel Mosevich,26,2/4/1997,04-feb,2,1997,187,Lomas de Zamora,Argentina
Colon,MED,Leonel Picco,24,10/22/1998,22-oct,10,1998,192,,Argentina
Sarmiento (J),DEL,Lisandro López,40,3/2/1983,02-mar,3,1983,174,Rafael Obligado,Argentina
Boca Juniors,DEL,Luca Langoni,21,2/9/2002,09-feb,2,2002,172,,Argentina
Rosario Central,DEL,Luca Martinez Dupuy,21,6/5/2001,05-jun,6,2001,178,San Luis Potosi,Mexico
Colon,DEF,Lucas Acevedo,31,11/8/1991,08-nov,11,1991,191,Córdoba,Argentina
Lanus,ARQ,Lucas Acosta,28,3/12/1995,12-mar,3,1995,187,Córdoba,Argentina
Instituto,DEL,Lucas Albertengo,32,1/30/1991,30-ene,1,1991,185,,Argentina
Godoy Cruz,DEF,Lucas Arce,25,8/14/1997,14-ago,8,1997,,,Argentina
River Plate,DEL,Lucas Beltrán,22,3/29/2001,29-mar,3,2001,174,Córdoba,Argentina
Central Cba (SdE),MED,Lucas Besozzi,20,1/22/2003,22-ene,1,2003,176,,Argentina
Tigre,DEF,Lucas Blondel,26,9/14/1996,14-sep,9,1996,183,,Argentina
Arsenal,DEL,Lucas Brochero,24,1/23/1999,23-ene,1,1999,172,,Argentina
Huracan,DEF,Lucas Carrizo,25,5/20/1997,20-may,5,1997,180,Simoca,Argentina
Huracan,MED,Lucas Castro,34,4/9/1989,09-abr,4,1989,182,La Plata,Argentina
Huracan,ARQ,Lucas Chaves,27,8/9/1995,09-ago,8,1995,179,Martín Coronado,Argentina
Barracas Central,MED,Lucas Colitto,28,6/1/1994,01-jun,6,1994,172,,Argentina
Belgrano,DEF,Lucas Diarte,29,6/4/1993,04-jun,6,1993,174,San Miguel de Tucumán,Argentina
Union,DEF,Lucas Esquivel,21,10/14/2001,14-oct,10,2001,180,,Argentina
Central Cba (SdE),DEL,Lucas Gamba,35,6/24/1987,24-jun,6,1987,165,,Argentina
Newells,ARQ,Lucas Hoyos,34,4/29/1989,29-abr,4,1989,183,Guaymallén,Argentina
Velez,DEL,Lucas Janson,28,8/16/1994,16-ago,8,1994,171,,Argentina
Sarmiento (J),DEL,Lucas Melano,30,3/1/1993,01-mar,3,1993,185,Hernando (Córdoba),Argentina
Tigre,MED,Lucas Menossi,30,7/11/1992,11-jul,7,1992,165,Beccar,Argentina
Huracan,DEF,Lucas Merolla,27,6/27/1995,27-jun,6,1995,193,,Argentina
Velez,DEL,Lucas Pratto,34,6/4/1988,04-jun,6,1988,188,La Plata,Argentina
Rosario Central,DEF,Lucas Rodríguez,29,9/27/1993,27-sep,9,1993,168,Capital Federal,Argentina
Arsenal,DEF,Lucas Souto,24,10/11/1998,11-oct,10,1998,,,Argentina
Talleres (C),DEF,Lucas Suárez,28,3/17/1995,17-mar,3,1995,176,,Argentina
Argentinos,DEF,Lucas Villalba,28,8/19/1994,19-ago,8,1994,177,,Argentina
Union,MED,Luciano Aued,36,3/1/1987,01-mar,3,1987,178,La Plata,Argentina
Central Cba (SdE),DEF,Luciano Bocco,22,10/27/2000,27-oct,10,2000,175,,Argentina
Lanus,MED,Luciano Boggio,24,3/10/1999,10-mar,3,1999,175,Montevideo,Uruguay
Godoy Cruz,DEL,Luciano Cingolani,22,4/6/2001,06-abr,4,2001,173,,Argentina
Independiente,MED,Luciano Gómez,27,3/22/1996,22-mar,3,1996,163,Corrientes,Argentina
Sarmiento (J),DEL,Luciano Gondou,21,6/22/2001,22-jun,6,2001,189,Rufino,Argentina
Estudiantes (LP),DEF,Luciano Lollo,36,3/29/1987,29-mar,3,1987,184,Córdoba,Argentina
Argentinos,MED,Luciano Sánchez,29,1/25/1994,25-ene,1,1994,169,Guaymallén,Argentina
Boca Juniors,DEF,Luis Advíncula,33,3/2/1990,02-mar,3,1990,178,Chincha,Peru
Arsenal,DEL,Luis Leal,35,5/29/1987,29-may,5,1987,176,Arrentela,Portugal
Banfield,DEF,Luis Mago,28,9/15/1994,15-sep,9,1994,183,,Venezuela
Central Cba (SdE),DEL,Luis Miguel Rodríguez,38,1/1/1985,01-ene,1,1985,167,San Miguel de Tucumán,Argentina
Def y Justicia,ARQ,Luis Unsain,28,3/9/1995,09-mar,3,1995,188,Villa Alcaráz,Argentina
Boca Juniors,DEL,Luis Vázquez,22,4/24/2001,24-abr,4,2001,190,,Argentina
San Lorenzo,DEL,Malcom Braida,25,5/17/1997,17-may,5,1997,175,Colon,Argentina
Sarmiento (J),MED,Manuel Garcia,23,6/11/1999,11-jun,6,1999,,,Argentina
Sarmiento (J),MED,Manuel Mónaco,20,5/11/2002,11-may,5,2002,,,Argentina
Belgrano,ARQ,Manuel Vicentini,32,8/29/1990,29-ago,8,1990,187,Santa Fé,Argentina
Central Cba (SdE),DEF,Marcelo Benítez,32,1/13/1991,13-ene,1,1991,178,San Francisco Solano,Argentina
Atl Tucuman,DEL,Marcelo Estigarribia,27,5/10/1995,10-may,5,1995,184,Entre Ríos,Argentina
Atl Tucuman,MED,Marcelo González,26,5/27/1996,27-may,5,1996,170,,Paraguay
River Plate,DEF,Marcelo Herrera,24,11/3/1998,03-nov,11,1998,180,Corrientes,Argentina
Atl Tucuman,DEF,Marcelo Ortiz,29,1/13/1994,13-ene,1,1994,178,Corrientes,Argentina
Boca Juniors,DEF,Marcelo Weigandt,23,1/11/2000,11-ene,1,2000,169,Avellaneda,Argentina
Argentinos,DEF,Marco Di Cesare,21,1/30/2002,30-ene,1,2002,186,,Argentina
Platense,DEF,Marco Pellegrino,20,7/18/2002,18-jul,7,2002,,,Argentina
Barracas Central,MED,Marcos Benítez,21,9/21/2001,21-sep,9,2001,,Villa Gobernador Gálvez,Argentina
Central Cba (SdE),ARQ,Marcos Ledesma,26,9/15/1996,15-sep,9,1996,190,Río Cuarto,Argentina
Newells,MED,Marcos Portillo,23,1/31/2000,31-ene,1,2000,178,Santa Fe,Argentina
Estudiantes (LP),ARQ,Mariano Andújar,39,7/30/1983,30-jul,7,1983,194,Buenos Aires,Argentina
Argentinos,DEF,Mariano Bittolo,33,4/24/1990,24-abr,4,1990,175,Morón,Argentina
Union,MED,Martín Cañete,23,6/17/1999,17-jun,6,1999,179,,Argentina
Independiente,DEL,Martín Cauteruccio,36,4/14/1987,14-abr,4,1987,179,Montevideo,Uruguay
Tigre,MED,Martín Garay,23,6/12/1999,12-jun,6,1999,167,Mina Clavero,Argentina
Tigre,DEF,Martín Ortega,23,8/20/1999,20-ago,8,1999,183,,Argentina
Boca Juniors,MED,Martín Payero,24,9/11/1998,11-sep,9,1998,183,,Argentina
Independiente,MED,Martín Sarrafiore,25,7/20/1997,20-jul,7,1997,180,Buenos Aires,Argentina
Atl Tucuman,DEL,Mateo Coronel,24,10/24/1998,24-oct,10,1998,172,,Argentina
Estudiantes (LP),DEL,Mateo Pellegrino,21,10/22/2001,22-oct,10,2001,192,Valencia,Espana
Tigre,DEL,Mateo Retegui,24,4/29/1999,29-abr,4,1999,185,,Argentina
Velez,DEL,Mateo Seoane,19,2/9/2004,09-feb,2,2004,177,,Argentina
Gimnasia (LP),DEF,Matías Bazzo,22,2/17/2001,17-feb,2,2001,178,,Argentina
Talleres (C),DEF,Matías Catalán,30,8/19/1992,19-ago,8,1992,172,Mar del Plata,Argentina
Huracan,DEL,Matías Cóccaro,25,11/15/1997,15-nov,11,1997,178,,Uruguay
Lanus,MED,Matías Esquivel,24,3/22/1999,22-mar,3,1999,166,,Argentina
Belgrano,MED,Matías García,31,10/22/1991,22-oct,10,1991,174,Lanús,Argentina
Independiente,DEL,Matías Giménez,24,3/6/1999,06-mar,3,1999,185,San Juan,Argentina
Estudiantes (LP),DEL,Matias Godoy,21,1/10/2002,10-ene,1,2002,170,Santa Fé,Argentina
Belgrano,DEF,Matias Ibacache,24,1/11/1999,11-ene,1,1999,175,,Chile
Central Cba (SdE),ARQ,Matias Mansilla,27,2/15/1996,15-feb,2,1996,189,Los Juries,Argentina
Gimnasia (LP),DEF,Matías Melluso,24,6/9/1998,09-jun,6,1998,170,La Plata,Argentina
Atl Tucuman,DEF,Matías Orihuela,31,2/17/1992,17-feb,2,1992,178,Córdoba,Argentina
Godoy Cruz,DEL,Matías Ramírez,24,3/14/1999,14-mar,3,1999,,,Argentina
Racing Club,MED,Matías Rojas,27,11/3/1995,03-nov,11,1995,186,,Paraguay
Banfield,MED,Matías Romero,27,2/1/1996,01-feb,2,1996,176,,Argentina
River Plate,DEL,Matías Suárez,34,5/9/1988,09-may,5,1988,183,La Falda,Argentina
Argentinos,MED,Matías Vera,28,1/20/1995,20-ene,1,1995,168,,Argentina
Independiente,DEL,Mauricio Cuero,30,1/28/1993,28-ene,1,1993,176,Tumáco,Colombia
Estudiantes (LP),DEL,Mauro Boselli,37,5/22/1985,22-may,5,1985,181,Buenos Aires,Argentina
Union,DEL,Mauro Luna Diale,24,4/26/1999,26-abr,4,1999,173,Buenos Aires,Argentina
Estudiantes (LP),DEL,Mauro Méndez,24,1/17/1999,17-ene,1,1999,179,,Uruguay
Barracas Central,DEF,Mauro Peinipil,24,4/3/1999,03-abr,4,1999,,,Argentina
Central Cba (SdE),MED,Mauro Pittón,28,8/8/1994,08-ago,8,1994,174,,Argentina
Platense,DEL,Mauro Quiroga,33,12/7/1989,07-dic,12,1989,190,Buenos Aires,Espana
Talleres (C),MED,Maximiliano Alvez,19,11/23/2003,23-nov,11,2003,169,,Argentina
Arsenal,DEF,Maximiliano Centurión,24,2/20/1999,20-feb,2,1999,176,Podestá,Argentina
Gimnasia (LP),DEL,Maximiliano Comba,29,1/16/1994,16-ene,1,1994,170,Córdoba,Argentina
Racing Club,MED,Maximiliano Moralez,36,2/27/1987,27-feb,2,1987,161,Granadero Baigorria,Argentina
Barracas Central,MED,Maximiliano Puig,22,9/18/2000,18-sep,9,2000,,,Argentina
Barracas Central,DEF,Maximiliano Rodríguez,33,11/26/1989,26-nov,11,1989,165,Córdoba,Argentina
Racing Club,DEL,Maximiliano Romero,24,1/9/1999,09-ene,1,1999,179,Moreno,Argentina
Platense,DEL,Maximiliano Zalazar,22,3/8/2001,08-mar,3,2001,173,,Argentina
Talleres (C),DEL,Michael Santos,30,3/13/1993,13-mar,3,1993,174,Montevideo,Uruguay
River Plate,DEL,Miguel Borja,30,1/26/1993,26-ene,1,1993,182,Tierra Alta,Colombia
Velez,DEF,Miguel Brizuela,26,1/5/1997,05-ene,1,1997,182,,Argentina
Platense,DEF,Miguel Jacquet,27,5/20/1995,20-may,5,1995,187,,Paraguay
Boca Juniors,DEL,Miguel Merentiel,27,2/24/1996,24-feb,2,1996,180,Paysandú,Uruguay
Argentinos,DEF,Miguel Torrén,34,8/12/1988,12-ago,8,1988,179,Santa Fé,Argentina
River Plate,DEF,Milton Casco,35,4/11/1988,11-abr,4,1988,170,María Grande,Argentina
Banfield,DEL,Milton Gimenez,26,8/12/1996,12-ago,8,1996,184,Grand Bourg,Argentina
Atl Tucuman,DEF,Moisés Brandán,22,8/26/2000,26-ago,8,2000,,,Argentina
San Lorenzo,MED,Nahuel Barrios,24,5/7/1998,07-may,5,1998,156,Capital Federal,Argentina
Talleres (C),MED,Nahuel Bustos,24,7/4/1998,04-jul,7,1998,176,Córdoba,Argentina
Belgrano,ARQ,Nahuel Losada,30,4/17/1993,17-abr,4,1993,186,Berisso,Argentina
Godoy Cruz,DEL,Nahuel Ulariaga,21,3/2/2002,02-mar,3,2002,174,Buenos Aires,Argentina
Colon,MED,Natanael Troncoso,22,3/26/2001,26-mar,3,2001,,,Argentina
Def y Justicia,DEF,Nazareno Colombo,24,3/20/1999,20-mar,3,1999,184,,Argentina
Gimnasia (LP),ARQ,Nelson Insfrán,27,5/24/1995,24-may,5,1995,179,,Argentina
Arsenal,DEF,Néstor Breitenbruch,27,9/13/1995,13-sep,9,1995,178,Posadas,Argentina
Instituto,MED,Nicolas Barrientos,28,4/5/1995,05-abr,4,1995,,,Argentina
Banfield,MED,Nicolás Bertolo,37,1/2/1986,02-ene,1,1986,180,Còrdoba,Argentina
San Lorenzo,DEL,Nicolás Blandi,33,1/13/1990,13-ene,1,1990,181,Buenos Aires,Argentina
Huracan,ARQ,Nicolás Campisi,26,10/29/1996,29-oct,10,1996,186,Buenos Aires,Argentina
Barracas Central,DEF,Nicolás Capraro,25,3/3/1998,03-mar,3,1998,,,Argentina
Platense,MED,Nicolás Castro,32,5/11/1990,11-may,5,1990,181,,Argentina
Gimnasia (LP),MED,Nicolás Colazo,32,7/8/1990,08-jul,7,1990,178,Buenos Aires,Argentina
Gimnasia (LP),DEL,Nicolás Contín,27,12/7/1995,07-dic,12,1995,183,La Plata,Argentina
Huracan,DEL,Nicolás Cordero,24,4/11/1999,11-abr,4,1999,184,Buenos Aires,Argentina
River Plate,MED,Nicolás De La Cruz,25,6/1/1997,01-jun,6,1997,167,,Uruguay
Def y Justicia,MED,Nicolás Fernández,27,2/8/1996,08-feb,2,1996,165,Santa Fé,Argentina
Velez,MED,Nicolás Garayalde,23,7/21/1999,21-jul,7,1999,183,,Argentina
Instituto,MED,Nicolás Linares,27,3/4/1996,04-mar,3,1996,175,Monte Grande,Argentina
Belgrano,DEF,Nicolás Meriano,22,11/9/2000,09-nov,11,2000,190,,Argentina
Platense,DEF,Nicolás Morgantini,28,9/11/1994,11-sep,9,1994,175,San Isidro,Argentina
Racing Club,MED,Nicolás Oroz,29,4/1/1994,01-abr,4,1994,173,Villa Mercedes (San Luis),Argentina
Talleres (C),MED,Nicolás Pasquini,32,1/2/1991,02-ene,1,1991,176,Los Surgentes,Argentina
Union,DEF,Nicolás Paz,20,10/16/2002,16-oct,10,2002,180,,Argentina
Racing Club,DEL,Nicolás Reniero,28,3/18/1995,18-mar,3,1995,183,Entre Ríos,Argentina
Atl Tucuman,DEF,Nicolás Romero,19,11/28/2003,28-nov,11,2003,,,Argentina
Platense,DEL,Nicolás Servetto,27,3/27/1996,27-mar,3,1996,181,La Pampa,Argentina
Banfield,DEL,Nicolás Sosa,27,4/6/1996,06-abr,4,1996,178,Melo,Uruguay
Barracas Central,DEF,Nicolás Tolosa,21,5/31/2001,31-may,5,2001,,Venado Tuerto,Argentina
Def y Justicia,DEF,Nicolás Tripicchio,27,1/5/1996,05-ene,1,1996,176,,Argentina
Instituto,MED,Nicólas Watson,24,5/22/1998,22-may,5,1998,175,Córdoba,Argentina
Boca Juniors,DEL,Norberto Briasco,27,2/29/1996,29-feb,2,1996,179,Marcos Paz,Argentina
Rosario Central,DEL,Octavio Bianchi,27,10/5/1995,05-oct,10,1995,,,Argentina
Instituto,MED,Oscar Garrido,25,8/20/1997,20-ago,8,1997,,,Argentina
Racing Club,DEF,Óscar Opazo,32,10/18/1990,18-oct,10,1990,168,Concón,Chile
Union,DEF,Oscar Piris,33,6/6/1989,06-jun,6,1989,185,,Argentina
Boca Juniors,MED,Oscar Romero,30,7/4/1992,04-jul,7,1992,176,Fernando de la Mora,Paraguay
Newells,MED,Pablo Pérez,37,8/10/1985,10-ago,8,1985,179,Rosario,Argentina
Estudiantes (LP),MED,Pablo Piatti,34,3/31/1989,31-mar,3,1989,163,Córdoba,Argentina
River Plate,DEL,Pablo Solari,22,3/22/2001,22-mar,3,2001,181,San Luis,Argentina
Belgrano,DEL,Pablo Vegetti,34,10/15/1988,15-oct,10,1988,187,Santo Domingo,Argentina
Colon,DEF,Paolo Goltz,37,5/12/1985,12-may,5,1985,183,,Argentina
Racing Club,DEL,Paolo Guerrero,39,1/1/1984,01-ene,1,1984,185,Lima,Peru
River Plate,DEF,Paulo Díaz,28,8/25/1994,25-ago,8,1994,180,Santiago de Chile,Chile
Lanus,DEL,Pedro De la Vega,22,2/7/2001,07-feb,2,2001,172,Olavarría,Argentina
Banfield,DEF,Pedro Souto,22,5/5/2000,05-may,5,2000,,,Argentina
Godoy Cruz,DEF,Pier Barrios,32,7/1/1990,01-jul,7,1990,180,Cordoba,Argentina
Colon,DEF,Rafael Delgado,33,1/13/1990,13-ene,1,1990,178,Reconquista,Argentina
San Lorenzo,DEF,Rafael Pérez,33,1/9/1990,09-ene,1,1990,186,Cartagena,Colombia
Platense,ARQ,Ramiro Macagno,26,3/18/1997,18-mar,3,1997,185,Córdoba,Argentina
Atl Tucuman,DEL,Ramiro Ruiz Rodriguez,23,3/21/2000,21-mar,3,2000,185,Tucumán,Argentina
Newells,MED,Ramiro Sordo,22,7/29/2000,29-jul,7,2000,177,,Argentina
Colon,DEL,Ramón Ábila,33,10/14/1989,14-oct,10,1989,175,,Argentina
Talleres (C),DEL,Ramón Sosa,23,8/31/1999,31-ago,8,1999,178,,Paraguay
Lanus,MED,Raúl Loaiza,28,6/8/1994,08-jun,6,1994,180,Cartagena,Colombia
Atl Tucuman,MED,Renzo Tesuri,26,6/7/1996,07-jun,6,1996,166,Gualeguaychu,Argentina
Barracas Central,MED,Ricardo Centurión,30,1/19/1993,19-ene,1,1993,174,Buenos Aires,Argentina
River Plate,DEF,Robert Rojas,27,4/30/1996,30-abr,4,1996,177,Concepción,Paraguay
Instituto,MED,Roberto Bochi,33,12/16/1989,16-dic,12,1989,172,Córdoba,Argentina
Godoy Cruz,MED,Roberto Fernández,25,3/2/1998,02-mar,3,1998,180,,Uruguay
River Plate,MED,Rodrigo Aliendro,32,2/16/1991,16-feb,2,1991,178,Merlo,Argentina
Independiente,DEL,Rodrigo Atencio,20,6/30/2002,30-jun,6,2002,175,,Argentina
Def y Justicia,DEL,Rodrigo Bogarín,25,5/24/1997,24-may,5,1997,180,,Paraguay
Argentinos,DEL,Rodrigo Cabral,22,8/8/2000,08-ago,8,2000,170,Mercedes,Argentina
Talleres (C),MED,Rodrigo Garro,25,1/4/1998,04-ene,1,1998,174,General Pico,Argentina
Barracas Central,MED,Rodrigo Insúa,25,12/16/1997,16-dic,12,1997,179,,Argentina
Independiente,DEL,Rodrigo Marquez,21,2/15/2002,15-feb,2,2002,179,,Argentina
Independiente,ARQ,Rodrigo Rey,32,3/8/1991,08-mar,3,1991,190,Las Parejas,Argentina
Talleres (C),MED,Rodrigo Villagra,22,2/14/2001,14-feb,2,2001,178,,Argentina
Platense,DEL,Ronaldo Martínez,27,4/25/1996,25-abr,4,1996,178,,Paraguay
Godoy Cruz,DEL,Salomón Rodríguez,23,2/16/2000,16-feb,2,2000,187,San Gregorio,Uruguay
River Plate,DEL,Salomón Rondón,33,9/16/1989,16-sep,9,1989,186,Caracas,Venezuela
Estudiantes (LP),MED,Santiago Ascacibar,26,2/25/1997,25-feb,2,1997,170,La Plata,Argentina
Velez,DEL,Santiago Castro,18,9/18/2004,18-sep,9,2004,180,,Argentina
Huracan,MED,Santiago Hezze,21,10/22/2001,22-oct,10,2001,186,Buenos Aires,Argentina
Belgrano,MED,Santiago Longo,25,4/12/1998,12-abr,4,1998,177,Córdoba,Argentina
Union,ARQ,Santiago Mele,25,9/6/1997,06-sep,9,1997,184,Montevideo,Uruguay
Argentinos,DEF,Santiago Montiel,22,11/22/2000,22-nov,11,2000,166,,Argentina
Estudiantes (LP),DEF,Santiago Núñez,23,4/29/2000,29-abr,4,2000,187,,Argentina
Arsenal,DEL,Santiago Paiva,24,1/11/1999,11-ene,1,1999,170,Montevideo,Uruguay
Colon,DEL,Santiago Pierotti,22,4/3/2001,03-abr,4,2001,189,,Argentina
Def y Justicia,DEF,Santiago Ramos,21,11/21/2001,21-nov,11,2001,186,Córdoba,Argentina
Instituto,DEL,Santiago Rodríguez,25,8/23/1997,23-ago,8,1997,171,San Luis,Argentina
River Plate,MED,Santiago Simon,20,6/13/2002,13-jun,6,2002,178,,Argentina
Def y Justicia,DEL,Santiago Solari,25,1/19/1998,19-ene,1,1998,178,,Argentina
Arsenal,MED,Santiago Toloza,20,10/28/2002,28-oct,10,2002,171,,Argentina
Platense,DEF,Sasha Marcich,24,5/29/1998,29-may,5,1998,,,Argentina
Instituto,DEF,Sebastian Corda,27,6/29/1995,29-jun,6,1995,170,San Martín,Argentina
Tigre,MED,Sebastián Medina,23,3/15/2000,15-mar,3,2000,176,Clorinda,Argentina
Sarmiento (J),ARQ,Sebastián Meza,23,3/14/2000,14-mar,3,2000,185,Obera,Argentina
Union,ARQ,Sebastián Moyano,32,8/26/1990,26-ago,8,1990,188,Mendoza,Argentina
Tigre,MED,Sebastián Prediger,36,9/4/1986,04-sep,9,1986,184,Crespo,Argentina
Tigre,DEF,Sebastián Prieto,30,4/9/1993,09-abr,4,1993,173,Buenos Aires,Argentina
Banfield,DEL,Sebastián Sosa,29,3/13/1994,13-mar,3,1994,183,Melo,Uruguay
Boca Juniors,DEF,Valentín Barco,19,7/23/2004,23-jul,7,2004,172,Veinticinco de Mayo,Argentina
Independiente,DEF,Sergio Barreto,24,4/20/1999,20-abr,4,1999,184,Formosa,Argentina
Independiente,MED,Sergio Ortíz,22,2/23/2001,23-feb,2,2001,173,,Argentina
Sarmiento (J),MED,Sergio Quiroga,26,6/7/1997,07-jun,6,1997,162,Charata,Argentina
Boca Juniors,ARQ,Sergio Romero,36,2/22/1987,22-feb,2,1987,192,Bernardo de Irigoyen,Argentina
Colon,MED,Stefano Moreyra,22,1/19/2001,19-ene,1,2001,179,Santa Fé,Argentina
Godoy Cruz,DEL,Tadeo Allende,24,2/20/1999,20-feb,2,1999,,,Argentina
Argentinos,DEL,Thiago Nuss,22,2/2/2001,02-feb,2,2001,172,Cañuelas,Argentina
Union,DEL,Thiago Vecino,24,2/25/1999,25-feb,2,1999,184,,Uruguay
Godoy Cruz,DEF,Thomas Galdames,24,11/20/1998,20-nov,11,1998,179,Santiago de Chile,Chile
Arsenal,MED,Tiago Banega,23,7/1/1999,01-jul,7,1999,177,,Argentina
Banfield,MED,Tomás Adoryan,21,9/22/2001,22-sep,9,2001,,,Argentina
Racing Club,DEF,Tomás Avilés,19,2/3/2004,03-feb,2,2004,182,,Argentina
Tigre,DEL,Tomas Badaloni,23,5/2/2000,02-may,5,2000,186,Mendoza,Argentina
Lanus,MED,Tomás Belmonte,24,5/27/1998,27-may,5,1998,178,Lanús,Argentina
Def y Justicia,DEF,Tomás Cardona,27,10/10/1995,10-oct,10,1995,188,Buenos Aires,Argentina
Godoy Cruz,DEL,Tomás Conechny,25,3/30/1998,30-mar,3,1998,168,Comodoro Rivadavia,Argentina
Gimnasia (LP),ARQ,Tomás Durso,24,2/26/1999,26-feb,2,1999,185,,Argentina
Def y Justicia,MED,Tomás Escalante,23,7/2/1999,02-jul,7,1999,171,,Argentina
Colon,MED,Tomás Galván,23,4/11/2000,11-abr,4,2000,167,,Argentina
Union,DEL,Tomás González,19,5/18/2003,18-may,5,2003,168,,Argentina
Velez,DEF,Tomás Guidara,27,3/13/1996,13-mar,3,1996,174,,Argentina
Atl Tucuman,ARQ,Tomás Marchiori,27,6/20/1995,20-jun,6,1995,186,Godoy Cruz,Argentina
Gimnasia (LP),MED,Tomás Muro,20,5/5/2002,05-may,5,2002,180,,Argentina
Independiente,MED,Tomás Pozzo,22,9/27/2000,27-sep,9,2000,171,,Argentina
Belgrano,DEL,Ulises Sánchez,24,6/26/1998,26-jun,6,1998,167,,Argentina
Boca Juniors,MED,Valentín Barco,18,7/23/2004,23-jul,7,2004,168,25 de Mayo,Argentina
Huracan,MED,Valentín Burgoa,22,8/16/2000,16-ago,8,2000,175,Guaymallén,Argentina
Talleres (C),DEL,Valentin Depietri,22,10/31/2000,31-oct,10,2000,178,,Argentina
Velez,DEF,Valentin Gomez,19,6/26/2003,26-jun,6,2003,181,San Miguel,Argentina
Platense,DEL,Vicente Taborda,21,6/16/2001,16-jun,6,2001,175,Gualeguay,Argentina
Tigre,DEF,Victor Aguilera,33,6/11/1989,11-jun,6,1989,187,Mendoza,Argentina
Tigre,DEF,Víctor Cabrera,30,2/7/1993,07-feb,2,1993,179,,Argentina
Velez,DEL,Walter Bou,29,8/25/1993,25-ago,8,1993,176,Concordia,Argentina
Huracan,DEL,Walter Mazzantti,26,9/5/1996,05-sep,9,1996,175,Labarden,Argentina
Rosario Central,MED,Walter Montoya,29,7/21/1993,21-jul,7,1993,172,Machagai,Argentina
Newells,MED,Willer Ditta,25,1/23/1998,23-ene,1,1998,175,Bogotá,Colombia
Atl Tucuman,DEF,Wilson Ibarrola,26,7/2/1996,02-jul,7,1996,172,,Paraguay
Sarmiento (J),MED,Yair Arismendi,25,4/5/1998,05-abr,4,1998,,,Argentina
Union,MED,Yeison Gordillo,30,6/25/1992,25-jun,6,1992,176,Miranda (Cauca),Colombia
Atl Tucuman,DEF,Yonathan Cabral,30,5/10/1992,10-may,5,1992,188,Isidro Casanova,Argentina
Estudiantes (LP),DEF,Zaid Romero,23,12/15/1999,15-dic,12,1999,193,Mendoza,Argentina
